Fanpage,Link
Báº¤T Äá»˜NG Sáº¢N - MUA BÃN NHÃ€ Äáº¤T HÃ€ Ná»˜I âœ…,https://www.facebook.com/groups/batdongsantungphan/
Báº¤T Äá»˜NG Sáº¢N HÃ€ Ná»˜I âœ…ï¸,https://www.facebook.com/groups/groupbatdongsanhanoivn/
ğŸ¡ Báº¤T Äá»˜NG Sáº¢N HÃ€ Ná»˜I,https://www.facebook.com/groups/bds2hanoi/
MUA BÃN Báº¤T Äá»˜NG Sáº¢N HÃ€ Ná»˜I âœ…,https://www.facebook.com/groups/hoiniengranghnoi/
Báº¤T Äá»˜NG Sáº¢N HÃ€ Ná»˜I âœ…,https://www.facebook.com/groups/446687191496416/
Báº¥t Ä‘á»™ng sáº£n HÃ  Ná»™i,https://www.facebook.com/groups/1341025385922584/
Mua bÃ¡n Báº¥t Äá»™ng Sáº£n HÃ€ Ná»˜I âœ…,https://www.facebook.com/groups/1036031467638279/
Báº¥t Ä‘á»™ng sáº£n HÃ  Ná»™i,https://www.facebook.com/groups/505769052949575/
Báº¤T Äá»˜NG Sáº¢N HÃ€ Ná»˜I ğŸ˜ï¸,https://www.facebook.com/groups/1452630678157228/
Báº¥t Äá»™ng Sáº£n HÃ  Ná»™i,https://www.facebook.com/groups/batdongsanhanoi.viet/
Mua BÃ¡n Báº¥t Äá»™ng Sáº£n HÃ€ Ná»˜I âœ…,https://www.facebook.com/groups/1387287665544197/
Mua bÃ¡n báº¥t Ä‘á»™ng sáº£n HÃ€ Ná»˜I - NhÃ  Ä‘áº¥t HÃ  Ná»™i âœ…,https://www.facebook.com/groups/249336878156780/
Báº¤T Äá»˜NG Sáº¢N HÃ€ Ná»˜I - Há»˜I MUA BÃN NHÃ€ Äáº¤T CHÃNH CHá»¦,https://www.facebook.com/groups/1891173918068652/
Báº¤T Äá»˜NG Sáº¢N - MUA BÃN NHÃ€ Äáº¤T HÃ€ Ná»˜I âœ…,https://www.facebook.com/groups/859316832902122/
Báº¥t Äá»™ng Sáº£n HÃ  Ná»™i,https://www.facebook.com/groups/1330816713720648/
Báº¤T Äá»˜NG Sáº¢N HÃ€ Ná»˜I âœ…,https://www.facebook.com/groups/285736614961804/
Báº¥t Äá»™ng Sáº£n HÃ  Ná»™i,https://www.facebook.com/groups/865782621533327/
Báº¥t Äá»™ng Sáº£n HÃ  Ná»™i,https://www.facebook.com/groups/1409548486429083/
Báº¤T Äá»˜NG Sáº¢N HÃ€ Ná»˜I,https://www.facebook.com/groups/978999467221417/
Mua bÃ¡n BÄS NhÃ  Äáº¥t HÃ  Ná»™i,https://www.facebook.com/groups/808574477477699/
https://www.facebook.com/groups/430905622975797/,https://www.facebook.com/groups/430905622975797/
Báº¤T Äá»˜NG Sáº¢N HÃ€ Ná»˜I,https://www.facebook.com/groups/batdongsanhanoi8888/
Báº¥t Ä‘á»™ng sáº£n HÃ  Ná»™i,https://www.facebook.com/groups/815809976641880/
Báº¤T Äá»˜NG Sáº¢N HÃ€ Ná»˜I - MUA VÃ€ BÃN,https://www.facebook.com/groups/2675203102635742/
NhÃ  Äáº¥t BÄS HÃ  Ná»™i ChÃ­nh Chá»§ âœ…,https://www.facebook.com/groups/922322716405431/
