Category,URL,Web name
Startup & Tech Media,https://techcrunch.com/category/startups/,TechCrunch (Startups)
Startup & Tech Media,https://venturebeat.com/,VentureBeat
Startup & Tech Media,https://www.inc.com/,Inc.
Startup & Tech Media,https://www.worldbank.org/ext/en/home,World Bank
Startup & Tech Media,https://www.techstars.com/,Techstars
Startup & Tech Media,https://news.crunchbase.com/,Crunchbase News
Startup & Tech Media,https://www.forbes.com/entrepreneurs/,Forbes (Entrepreneurs)
Startup & Tech Media,https://www.cbinsights.com/research/,CB Insights (Research)
Mainstream Tech News,https://www.reuters.com/technology/,Reuters (Technology)
Mainstream Tech News,https://www.bloomberg.com/technology,Bloomberg (Technology)
Fashion & Beauty Tech,https://www.glossy.co/,Glossy
Fashion & Beauty Tech,https://www.businessoffashion.com/,Business of Fashion
Fashion & Beauty Tech,https://fashionista.com/,Fashionista
Fashion & Beauty Tech,https://wwd.com/,WWD
Fashion & Beauty Tech,https://techcrunch.com/,TechCrunch
Fintech Media,https://thefintechtimes.com/,The Fintech Times
Fintech Media,https://fintech.global/,Fintech Global
Fintech Media,https://fintechnews.sg/,Fintech News Singapore
Fintech Media,https://www.cnbc.com/fintech/,CNBC (Fintech)
Fintech Media,https://fintechmagazine.com/,Fintech Magazine
Fintech Media,https://www.fintechfutures.com/2025/01/payroll-software-provider-onpay-raises-over-100m-in-new-funding/,Fintech Futures
Lifestyle & Technology,https://global-influences.com/lifestyle-technology-trends/,Global Influences
Lifestyle & Technology,https://www.reuters.com/lifestyle/,Reuters (Lifestyle)
Lifestyle & Technology,https://www.nytimes.com/spotlight/lifestyle,New York Times (Lifestyle Spotlight)
Lifestyle & Technology,https://www.vogue.co.uk/arts-and-lifestyle,Vogue UK (Arts & Lifestyle)
Lifestyle & Technology,https://www.gq.com/lifestyle,GQ (Lifestyle)
Lifestyle & Technology,https://www.bloomberg.com/pursuits/style,Bloomberg Pursuits (Style)
Lifestyle & Technology,https://www.wmagazine.com/life,W Magazine (Life)
Lifestyle & Technology,https://www.harpersbazaar.com/uk/guide/,Harper's Bazaar UK (Guide)
Lifestyle & Technology,https://robbreport.com/lifestyle/,Robb Report (Lifestyle)
Lifestyle & Technology,https://www.elle.com/,Elle
Lifestyle & Technology,https://www.nytimes.com/international/section/style,New York Times (International Style)
Lifestyle & Technology,https://techcrunch.com/tag/lifestyle/,TechCrunch (Lifestyle)
